CREATE TABLE NHANSU (
    MANV CHAR(10) PRIMARY KEY,
    HOTEN VARCHAR2(100),
    PHAI VARCHAR2(10),
    NGSINH DATE,
    PHUCAP NUMBER,
    DT VARCHAR2(15),
    VAITRO VARCHAR2(50),
    MADV CHAR(10)
);

CREATE TABLE SINHVIEN (
    MASV CHAR(5) PRIMARY KEY,
    HOTEN VARCHAR2(100),
    PHAI VARCHAR2(10),
    NGSINH DATE,
    DCHI VARCHAR2(200),
    DT VARCHAR2(20),
    MACT CHAR(10),
    MANGANH CHAR(10),
    SOTCTL NUMBER,
    DTBTL FLOAT
);
CREATE TABLE DONVI (
    MADV CHAR(10) PRIMARY KEY,
    TENDV VARCHAR2(100),
    TRGDV CHAR(10)
);

CREATE TABLE HOCPHAN (
    MAHP CHAR(10) PRIMARY KEY,
    TENHP VARCHAR2(100),
    SOTC NUMBER,
    STLT NUMBER,
    STTH NUMBER,
    SOSVTD NUMBER,
    MADV CHAR(10)
);

CREATE TABLE KHMO (
    MAHP CHAR(10),
    HK NUMBER,
    NAM NUMBER,
    MACT CHAR(10)
);

CREATE TABLE PHANCONG (
    MAGV CHAR(10),
    MAHP CHAR(10),
    HK NUMBER,
    NAM NUMBER,
    MACT CHAR(10)
);

CREATE TABLE DANGKY (
    MASV CHAR(5),
    MAGV CHAR(10),
    MAHP CHAR(10),
    HK VARCHAR2(10),
    NAM NUMBER,
    MACT CHAR(10),
    DIEMTH FLOAT,
    DIEMQT FLOAT,
    DIEMCK FLOAT,
    DIEMTK FLOAT
);
commit;

--insert data vào b?ng DANGKY 
INSERT INTO DANGKY VALUES ('0014', 'NV0190', 'HP0001', '1', 2023, 'VP', 9, 4.5, 9, 8.6);
INSERT INTO DANGKY VALUES ('0015', 'NV0190', 'HP0001', '1', 2023, 'VP', 6.5, 10, 5, 6);
INSERT INTO DANGKY VALUES ('0016', 'NV0190', 'HP0001', '1', 2023, 'VP', 7, 6.5, 5, 5.9);
INSERT INTO DANGKY VALUES ('0017', 'NV0190', 'HP0001', '1', 2023, 'VP', 8.5, 5.5, 9, 8.5);
INSERT INTO DANGKY VALUES ('0010', 'NV0190', 'HP0001', '1', 2023, 'VP', 9, 6, 6, 7.1);
INSERT INTO DANGKY VALUES ('0023', 'NV0190', 'HP0001', '1', 2023, 'VP', 6, 8, 8, 7.3);
INSERT INTO DANGKY VALUES ('0029', 'NV0190', 'HP0001', '1', 2023, 'VP', 7.5, 8, 2, 4.5);
INSERT INTO DANGKY VALUES ('0030', 'NV0190', 'HP0001', '1', 2023, 'VP', 5.5, 8, 9, 7.7);
INSERT INTO DANGKY VALUES ('0032', 'NV0190', 'HP0001', '1', 2023, 'VP', 10, 7, 4, 6.4);
INSERT INTO DANGKY VALUES ('0038', 'NV0190', 'HP0001', '1', 2023, 'VP', 10, 5.5, 9, 9);
INSERT INTO DANGKY VALUES ('0039', 'NV0190', 'HP0001', '1', 2023, 'VP', 7.5, 9.5, 4, 5.8);
INSERT INTO DANGKY VALUES ('0018', 'NV0173', 'HP0008', '1', 2023, 'CTTT', 7, 7.5, 5, 6);
INSERT INTO DANGKY VALUES ('0020', 'NV0173', 'HP0008', '1', 2023, 'CTTT', 6, 4, 5, 5.3);
INSERT INTO DANGKY VALUES ('0021', 'NV0173', 'HP0008', '1', 2023, 'CTTT', 10, 8, 4, 6.5);
INSERT INTO DANGKY VALUES ('0028', 'NV0173', 'HP0008', '1', 2023, 'CTTT', 10, 3.5, 6, 7.2);
INSERT INTO DANGKY VALUES ('0036', 'NV0173', 'HP0008', '1', 2023, 'CTTT', 9.5, 8.5, 5, 6.9);
INSERT INTO DANGKY VALUES ('0043', 'NV0173', 'HP0008', '1', 2023, 'CTTT', 8.5, 10, 2, 5.1);
INSERT INTO DANGKY VALUES ('0045', 'NV0173', 'HP0008', '1', 2023, 'CTTT', 9, 7, 9, 8.8);
INSERT INTO DANGKY VALUES ('0047', 'NV0173', 'HP0008', '1', 2023, 'CTTT', 8, 3, 8, 7.5);
INSERT INTO DANGKY VALUES ('0048', 'NV0173', 'HP0008', '1', 2023, 'CTTT', 7, 7, 8, 7.6);
INSERT INTO DANGKY VALUES ('0057', 'NV0173', 'HP0008', '1', 2023, 'CTTT', 8.5, 4, 9, 8.3);
INSERT INTO DANGKY VALUES ('0061', 'NV0173', 'HP0008', '1', 2023, 'CTTT', 7, 7, 2, 4.3);
INSERT INTO DANGKY VALUES ('0073', 'NV0173', 'HP0008', '1', 2023, 'CTTT', 6.5, 4, 9, 7.6);
INSERT INTO DANGKY VALUES ('0067', 'NV0173', 'HP0008', '1', 2023, 'CTTT', 7, 5, 2, 4.1);
INSERT INTO DANGKY VALUES ('0068', 'NV0173', 'HP0008', '1', 2023, 'CTTT', 7, 8, 2, 4.4);
INSERT INTO DANGKY VALUES ('0001', 'NV0144', 'HP0008', '1', 2023, 'CLC', 9, 4, 4, 5.8);
INSERT INTO DANGKY VALUES ('0002', 'NV0144', 'HP0008', '1', 2023, 'CLC', 7, 3, 2, 3.9);
INSERT INTO DANGKY VALUES ('0003', 'NV0144', 'HP0008', '1', 2023, 'CLC', 8, 7, 8, 7.9);
INSERT INTO DANGKY VALUES ('0004', 'NV0144', 'HP0008', '1', 2023, 'CLC', 5, 8, 8, 7);
INSERT INTO DANGKY VALUES ('0005', 'NV0144', 'HP0008', '1', 2023, 'CLC', 9, 8, 3, 5.6);
INSERT INTO DANGKY VALUES ('0011', 'NV0144', 'HP0008', '1', 2023, 'CLC', 9, 7, 2, 5);
INSERT INTO DANGKY VALUES ('0031', 'NV0144', 'HP0008', '1', 2023, 'CLC', 8, 3, 4, 5.3);
INSERT INTO DANGKY VALUES ('0033', 'NV0144', 'HP0008', '1', 2023, 'CLC', 10, 10, 5, 7.3);
INSERT INTO DANGKY VALUES ('0035', 'NV0144', 'HP0008', '1', 2023, 'CLC', 8, 8, 5, 6.4);
INSERT INTO DANGKY VALUES ('0041', 'NV0144', 'HP0008', '1', 2023, 'CLC', 6, 7, 9, 7.8);
INSERT INTO DANGKY VALUES ('0042', 'NV0144', 'HP0008', '1', 2023, 'CLC', 10, 8, 6, 7.6);
INSERT INTO DANGKY VALUES ('0046', 'NV0144', 'HP0008', '1', 2023, 'CLC', 8.5, 5, 2, 4.6);
INSERT INTO DANGKY VALUES ('0056', 'NV0144', 'HP0008', '1', 2023, 'CLC', 6, 9, 6, 6.3);
INSERT INTO DANGKY VALUES ('0006', 'NV0163', 'HP0015', '2', 2021, 'CQ', 5, 5, 3, 3.9);
INSERT INTO DANGKY VALUES ('0008', 'NV0163', 'HP0015', '2', 2021, 'CQ', 8.5, 4, 4, 5.6);
INSERT INTO DANGKY VALUES ('0019', 'NV0163', 'HP0015', '2', 2021, 'CQ', 5, 4, 3, 3.8);
INSERT INTO DANGKY VALUES ('0022', 'NV0163', 'HP0015', '2', 2021, 'CQ', 6, 5, 8, 7);
INSERT INTO DANGKY VALUES ('0024', 'NV0163', 'HP0015', '2', 2021, 'CQ', 7, 5, 2, 4.1);
INSERT INTO DANGKY VALUES ('0025', 'NV0163', 'HP0015', '2', 2021, 'CQ', 10, 5, 9, 9);
INSERT INTO DANGKY VALUES ('0026', 'NV0163', 'HP0015', '2', 2021, 'CQ', 5.5, 4, 5, 5.1);
INSERT INTO DANGKY VALUES ('0027', 'NV0163', 'HP0015', '2', 2021, 'CQ', 7.5, 8, 2, 4.5);
INSERT INTO DANGKY VALUES ('0034', 'NV0163', 'HP0015', '2', 2021, 'CQ', 9.5, 6, 7, 7.8);
INSERT INTO DANGKY VALUES ('0037', 'NV0163', 'HP0015', '2', 2021, 'CQ', 9, 4, 9, 8.5);
INSERT INTO DANGKY VALUES ('0040', 'NV0163', 'HP0015', '2', 2021, 'CQ', 7.5, 6, 9, 8.2);
commit;

--insert data vào b?ng DONVI
INSERT INTO DONVI VALUES ('VPKHOA', 'Van phong khoa', 'NV0001');
INSERT INTO DONVI VALUES ('HTTT', 'Bo mon He thong thong tin', 'NV0016');
INSERT INTO DONVI VALUES ('CNPM', 'Bo mon Cong nghe phan mem', 'NV0015');
INSERT INTO DONVI VALUES ('KHMT', 'Bo mon Khoa hoc may tinh', 'NV0014');
INSERT INTO DONVI VALUES ('CNTT', 'Bo mon Cong nghe thong tin', 'NV0013');
INSERT INTO DONVI VALUES ('TGMT', 'Bo mon Thi giac may tinh', 'NV0012');
INSERT INTO DONVI VALUES ('MMTVT', 'Bo mon Mang may tinh va Vien thong', 'NV0011');
commit;

--insert data vào b?ng HOCPHAN
INSERT INTO HOCPHAN VALUES ('HP0001', 'Combinatorial Optimization Algorithms', 4, 45, 25, 75, 'KHMT');
INSERT INTO HOCPHAN VALUES ('HP0002', 'Artificial Intelligence', 3, 45, 25, 75, 'KHMT');
INSERT INTO HOCPHAN VALUES ('HP0003', 'Natural Language Processing', 4, 45, 25, 75, 'KHMT');
INSERT INTO HOCPHAN VALUES ('HP0004', 'Bio-Informatics', 4, 45, 25, 75, 'KHMT');
INSERT INTO HOCPHAN VALUES ('HP0005', 'Pattern Recognition', 3, 45, 25, 75, 'KHMT');
INSERT INTO HOCPHAN VALUES ('HP0006', 'Databases', 3, 45, 25, 75, 'HTTT');
INSERT INTO HOCPHAN VALUES ('HP0007', 'Data warehouse', 4, 45, 25, 75, 'HTTT');
INSERT INTO HOCPHAN VALUES ('HP0008', 'Cryptography and Information Security', 3, 45, 25, 75, 'HTTT');
INSERT INTO HOCPHAN VALUES ('HP0009', 'Data and Web Mining', 4, 45, 25, 75, 'HTTT');
INSERT INTO HOCPHAN VALUES ('HP0010', 'Parallel Computing', 4, 45, 25, 75, 'HTTT');
INSERT INTO HOCPHAN VALUES ('HP0011', 'Software Project Cost Estimation', 4, 45, 25, 75, 'CNPM');
INSERT INTO HOCPHAN VALUES ('HP0012', 'Formal Methods', 4, 45, 25, 75, 'CNPM');
INSERT INTO HOCPHAN VALUES ('HP0013', 'Software Testing and Software Verification', 3, 45, 25, 75, 'CNPM');
INSERT INTO HOCPHAN VALUES ('HP0014', 'Software Architectures', 3, 45, 25, 75, 'CNPM');
INSERT INTO HOCPHAN VALUES ('HP0015', 'Embedded Software', 3, 45, 25, 75, 'CNPM');
INSERT INTO HOCPHAN VALUES ('HP0016', 'Software Agents', 3, 45, 25, 75, 'CNPM');
INSERT INTO HOCPHAN VALUES ('HP0017', 'Wireless and Ad-hoc Networks', 4, 45, 25, 75, 'MMTVT');
INSERT INTO HOCPHAN VALUES ('HP0018', 'Network Security', 4, 45, 25, 75, 'MMTVT');
INSERT INTO HOCPHAN VALUES ('HP0019', 'Distributed and Grid Computing', 4, 45, 25, 75, 'MMTVT');
INSERT INTO HOCPHAN VALUES ('HP0020', 'Network Performance Assessment', 4, 45, 25, 75, 'MMTVT');
INSERT INTO HOCPHAN VALUES ('HP0021', 'Multimedia Communication', 3, 45, 25, 75, 'MMTVT');
INSERT INTO HOCPHAN VALUES ('HP0022', 'Peer to Peer Network', 4, 45, 25, 75, 'MMTVT');
INSERT INTO HOCPHAN VALUES ('HP0023', 'Discrete Mathematics', 3, 45, 25, 75, 'CNTT');
INSERT INTO HOCPHAN VALUES ('HP0024', 'Numerical Analysis', 3, 45, 25, 75, 'CNTT');
INSERT INTO HOCPHAN VALUES ('HP0025', 'Image Processing and Computer Graphics', 4, 45, 25, 75, 'CNTT');
INSERT INTO HOCPHAN VALUES ('HP0026', 'Natural Language Processing for Human Machine Interaction', 4, 45, 25, 75, 'TGMT');
INSERT INTO HOCPHAN VALUES ('HP0027', 'Virtual Reality', 4, 45, 25, 75, 'TGMT');
INSERT INTO HOCPHAN VALUES ('HP0028', 'Real-time Operating Systems and Databases', 4, 45, 25, 75, 'TGMT');
INSERT INTO HOCPHAN VALUES ('HP0029', 'Computer Architectures', 4, 45, 25, 75, 'CNTT');
INSERT INTO HOCPHAN VALUES('HP0030', 'HOC PHAN 1', 3,30,15,100,'VPKHOA');
INSERT INTO HOCPHAN VALUES('HP0031', 'HOC PHAN 2', 3,30,15,80,'VPKHOA');
INSERT INTO HOCPHAN VALUES('HP0032', 'HOC PHAN 3', 3,30,15,70,'VPKHOA');
INSERT INTO HOCPHAN VALUES('HP0033', 'HOC PHAN 4', 3,30,15,50,'VPKHOA');
commit;

--insert data vào b?ng KHMO
INSERT INTO KHMO VALUES ('HP0001', 1, 2023, 'VP');
INSERT INTO KHMO VALUES ('HP0002', 2, 2023, 'CLC');
INSERT INTO KHMO VALUES ('HP0003', 3, 2023, 'CTTT');
INSERT INTO KHMO VALUES ('HP0004', 3, 2021, 'CQ');
INSERT INTO KHMO VALUES ('HP0005', 1, 2021, 'VP');
INSERT INTO KHMO VALUES ('HP0006', 2, 2021, 'CLC');
INSERT INTO KHMO VALUES ('HP0007', 3, 2022, 'CQ');
INSERT INTO KHMO VALUES ('HP0008', 1, 2022, 'CLC');
INSERT INTO KHMO VALUES ('HP0009', 2, 2022, 'CTTT');
INSERT INTO KHMO VALUES ('HP0010', 3, 2022, 'VP');
INSERT INTO KHMO VALUES ('HP0011', 1, 2023, 'CQ');
INSERT INTO KHMO VALUES ('HP0012', 3, 2021, 'CLC');
INSERT INTO KHMO VALUES ('HP0013', 3, 2021, 'CLC');
INSERT INTO KHMO VALUES ('HP0014', 2, 2021, 'CLC');
INSERT INTO KHMO VALUES ('HP0015', 2, 2021, 'CQ');
INSERT INTO KHMO VALUES ('HP0016', 3, 2023, 'CTTT');
INSERT INTO KHMO VALUES ('HP0017', 2, 2023, 'CTTT');
INSERT INTO KHMO VALUES ('HP0018', 1, 2023, 'VP');
INSERT INTO KHMO VALUES ('HP0019', 1, 2023, 'VP');
INSERT INTO KHMO VALUES ('HP0020', 2, 2023, 'CLC');
INSERT INTO KHMO VALUES ('HP0021', 3, 2022, 'CLC');
INSERT INTO KHMO VALUES ('HP0022', 2, 2022, 'VP');
INSERT INTO KHMO VALUES ('HP0023', 3, 2022, 'VP');
INSERT INTO KHMO VALUES ('HP0024', 1, 2022, 'CTTT');
INSERT INTO KHMO VALUES ('HP0025', 3, 2022, 'VP');
INSERT INTO KHMO VALUES ('HP0026', 2, 2021, 'CLC');
INSERT INTO KHMO VALUES ('HP0027', 2, 2021, 'CQ');
INSERT INTO KHMO VALUES ('HP0028', 1, 2021, 'CQ');
INSERT INTO KHMO VALUES ('HP0029', 2, 2021, 'CLC');
INSERT INTO KHMO VALUES('HP0030',2,2023,'CLC');
INSERT INTO KHMO VALUES('HP0031',3,2023,'CTTT');
INSERT INTO KHMO VALUES('HP0032',1,2023,'VP');
INSERT INTO KHMO VALUES('HP0033',1,2024,'CQ');
commit;

--insert data vào b?ng NHANSU
INSERT INTO NHANSU VALUES ('NV1010', 'Bach Lam Nhi', 'female', to_date('07-09-1981', 'DD/MM/YYYY'), 8000, '0925-373-3849', 'Nhan vien co ban', 'KHMT');
INSERT INTO NHANSU VALUES ('NV1009', 'Truong Ngoc Minh', 'male', to_date('08-10-1980', 'DD/MM/YYYY'), 8000, '0966-141-8909', 'Nhan vien co ban', 'CNTT');
INSERT INTO NHANSU VALUES ('NV1008', 'Mac Hoai Viet', 'male', to_date('30-12-1992', 'DD/MM/YYYY'), 8000, '0993-823-1627', 'Nhan vien co ban', 'MMTVT');
INSERT INTO NHANSU VALUES ('NV1007', 'Bui Huong Thu', 'female', to_date('20-02-1988', 'DD/MM/YYYY'), 8000, '0943-597-3894', 'Nhan vien co ban', 'TGMT');
INSERT INTO NHANSU VALUES ('NV1006', 'Pham Duyen My', 'female', to_date('06-03-1992', 'DD/MM/YYYY'), 8000, '0971-209-7177', 'Nhan vien co ban', 'HTTT');
INSERT INTO NHANSU VALUES ('NV1005', 'Ho Thuy Huong', 'female', to_date('06-10-1983', 'DD/MM/YYYY'), 8000, '0943-383-4725', 'Nhan vien co ban', 'HTTT');
INSERT INTO NHANSU VALUES ('NV1004', 'Giang Manh Ddng', 'male', to_date('26-10-1994', 'DD/MM/YYYY'), 8000, '0988-857-3551', 'Nhan vien co ban', 'HTTT');
INSERT INTO NHANSU VALUES ('NV1003', 'Kim Thanh Tan', 'female', to_date('30-05-1981', 'DD/MM/YYYY'), 8000, '0938-334-7947', 'Nhan vien co ban', 'HTTT');
INSERT INTO NHANSU VALUES ('NV1002', 'Kim Ngoc Hoan', 'female', to_date('21-09-1984', 'DD/MM/YYYY'), 8000, '0952-235-2081', 'Nhan vien co ban', 'CNTT');
INSERT INTO NHANSU VALUES ('NV1001', 'Chu Phi Cuong', 'male', to_date('15-08-1983', 'DD/MM/YYYY'), 8000, '0982-082-9908', 'Nhan vien co ban', 'CNPM');
INSERT INTO NHANSU VALUES ('NV0190', 'Le Viet Son', 'male', to_date('09-10-1988', 'DD/MM/YYYY'), 10000, '0952-831-4750', 'Giang vien', 'CNPM');
INSERT INTO NHANSU VALUES ('NV0189', 'La Tuan Viet', 'male', to_date('08-12-1993', 'DD/MM/YYYY'), 10000, '0994-493-7809', 'Giang vien', 'KHMT');
INSERT INTO NHANSU VALUES ('NV0188', 'Huynh Thu Yen', 'female', to_date('23-07-1988', 'DD/MM/YYYY'), 10000, '0906-937-7832', 'Giang vien', 'MMTVT');
INSERT INTO NHANSU VALUES ('NV0187', 'Mach Tuyet Nga', 'female', to_date('19-09-1983', 'DD/MM/YYYY'), 10000, '0977-115-8511', 'Giang vien', 'TGMT');
INSERT INTO NHANSU VALUES ('NV0186', 'Oc Tam Doan', 'female', to_date('12-06-1997', 'DD/MM/YYYY'), 10000, '0939-204-0134', 'Giang vien', 'MMTVT');
INSERT INTO NHANSU VALUES ('NV0185', 'Bui Phi Hung', 'male', to_date('25-06-1984', 'DD/MM/YYYY'), 10000, '0958-440-4931', 'Giang vien', 'CNPM');
INSERT INTO NHANSU VALUES ('NV0184', 'Nguyen Thanh An', 'male', to_date('24-03-1984', 'DD/MM/YYYY'), 10000, '0934-660-221', 'Giang vien', 'KHMT');
INSERT INTO NHANSU VALUES ('NV0183', 'Ngo Tam Trang', 'female', to_date('30-08-1983', 'DD/MM/YYYY'), 10000, '0928-346-9295', 'Giang vien', 'MMTVT');
INSERT INTO NHANSU VALUES ('NV0182', 'Tran Hanh Phuong', 'female', to_date('01-08-1989', 'DD/MM/YYYY'), 10000, '0937-612-2060', 'Giang vien', 'KHMT');
INSERT INTO NHANSU VALUES ('NV0181', 'Ngo Dinh An', 'male', to_date('14-01-1985', 'DD/MM/YYYY'), 10000, '0952-258-4059', 'Giang vien', 'KHMT');
INSERT INTO NHANSU VALUES ('NV0180', 'Trieu Trong Duy', 'male', to_date('04-06-1984', 'DD/MM/YYYY'), 10000, '0956-448-7137', 'Giang vien', 'TGMT');
INSERT INTO NHANSU VALUES ('NV0179', 'Tieu Hoang Lam', 'male', to_date('22-02-1982', 'DD/MM/YYYY'), 10000, '0937-865-5545', 'Giang vien', 'CNTT');
INSERT INTO NHANSU VALUES ('NV0178', 'Phan Yen Phuong', 'female', to_date('29-02-1988', 'DD/MM/YYYY'), 10000, '0915-419-9467', 'Giang vien', 'TGMT');
INSERT INTO NHANSU VALUES ('NV0177', 'Cao Ngoc Quy', 'female', to_date('29-07-1994', 'DD/MM/YYYY'), 10000, '0935-002-0668', 'Giang vien', 'KHMT');
INSERT INTO NHANSU VALUES ('NV0176', 'Pham Thanh Lam', 'female', to_date('03-07-1984', 'DD/MM/YYYY'), 10000, '0902-412-0300', 'Giang vien', 'TGMT');
INSERT INTO NHANSU VALUES ('NV0175', 'Ngo Hai Van', 'female', to_date('16-07-1987', 'DD/MM/YYYY'), 10000, '0963-170-3309', 'Giang vien', 'HTTT');
INSERT INTO NHANSU VALUES ('NV0174', 'Vo Minh Anh', 'male', to_date('13-08-1982', 'DD/MM/YYYY'), 10000, '0933-221-564', 'Giang vien', 'MMTVT');
INSERT INTO NHANSU VALUES ('NV0173', 'Pham Khanh Binh', 'male', to_date('21-10-1995', 'DD/MM/YYYY'), 10000, '0907-306-2545', 'Giang vien', 'TGMT');
INSERT INTO NHANSU VALUES ('NV0172', 'Doan Tuan Viet', 'male', to_date('31-12-1987', 'DD/MM/YYYY'), 10000, '0911-186-7762', 'Giang vien', 'MMTVT');
INSERT INTO NHANSU VALUES ('NV0171', 'Nguyen Hoang Quan', 'male', to_date('29-06-1996', 'DD/MM/YYYY'), 10000, '0957-020-0898', 'Giang vien', 'TGMT');
INSERT INTO NHANSU VALUES ('NV0170', 'Dang Khanh Van', 'female', to_date('15-02-1982', 'DD/MM/YYYY'), 10000, '0904-604-1479', 'Giang vien', 'HTTT');
INSERT INTO NHANSU VALUES ('NV0169', 'Tran Bao Vy', 'female', to_date('22-03-1992', 'DD/MM/YYYY'), 10000, '0959-868-7097', 'Giang vien', 'CNTT');
INSERT INTO NHANSU VALUES ('NV0168', 'Vuong Hoan Vi', 'female', to_date('20-06-1991', 'DD/MM/YYYY'), 10000, '0944-212-3118', 'Giang vien', 'CNPM');
INSERT INTO NHANSU VALUES ('NV0167', 'Huynh Quynh Dung', 'female', to_date('12-03-1983', 'DD/MM/YYYY'), 10000, '0948-167-8212', 'Giang vien', 'CNPM');
INSERT INTO NHANSU VALUES ('NV0166', 'Vo Trong Chinh', 'male', to_date('07-03-1997', 'DD/MM/YYYY'), 10000, '0932-338-5074', 'Giang vien', 'CNTT');
INSERT INTO NHANSU VALUES ('NV0165', 'Ho Thien Buu', 'male', to_date('20-10-1997', 'DD/MM/YYYY'), 10000, '0951-455-2417', 'Giang vien', 'KHMT');
INSERT INTO NHANSU VALUES ('NV0164', 'Mac Thanh Dat', 'male', to_date('27-01-1994', 'DD/MM/YYYY'), 10000, '0993-758-5531', 'Giang vien', 'CNTT');
INSERT INTO NHANSU VALUES ('NV0163', 'Tang Tuong Vi', 'female', to_date('04-03-1996', 'DD/MM/YYYY'), 10000, '0993-260-1012', 'Giang vien', 'KHMT');
INSERT INTO NHANSU VALUES ('NV0162', 'Nguyen Huyen Tho', 'female', to_date('28-02-1992', 'DD/MM/YYYY'), 10000, '0906-638-4080', 'Giang vien', 'CNPM');
INSERT INTO NHANSU VALUES ('NV0161', 'Tran Phuong Tien', 'female', to_date('16-04-1990', 'DD/MM/YYYY'), 10000, '0998-281-9952', 'Giang vien', 'CNTT');
INSERT INTO NHANSU VALUES ('NV0160', 'Le Quang Thuun', 'male', to_date('20-09-1989', 'DD/MM/YYYY'), 10000, '0942-143-5880', 'Giang vien', 'CNPM');
INSERT INTO NHANSU VALUES ('NV0159', 'Mach Duy Cuong', 'male', to_date('15-01-1991', 'DD/MM/YYYY'), 10000, '0989-939-4226', 'Giang vien', 'MMTVT');
INSERT INTO NHANSU VALUES ('NV0158', 'Ngo Nha Uyen', 'female', to_date('18-06-1990', 'DD/MM/YYYY'), 10000, '0913-143-5488', 'Giang vien', 'MMTVT');
InSERT INTO NHANSU VALUES ('NV0157', 'Ho Hung Linh', 'female', to_date('01-03-1980', 'DD/MM/YYYY'), 10000, '0976-613-3347', 'Giang vien', 'TGMT');
INSERT INTO NHANSU VALUES ('NV0156', 'Ngo Thuan Phong', 'male', to_date('14-10-1981', 'DD/MM/YYYY'), 10000, '0973-946-7450', 'Giang vien', 'TGMT');
INSERT INTO NHANSU VALUES ('NV0155', 'Bui Tuyet Vy', 'famale', to_date('13-05-1988', 'DD/MM/YYYY'), 10000, '0959-454-0434', 'Giang vien', 'KHMT');
INSERT INTO NHANSU VALUES ('NV0154', 'Chu Minh Loan', 'famale', to_date('03-09-1994', 'DD/MM/YYYY'), 10000, '0903-963-4229', 'Giang vien', 'CNPM');
INSERT INTO NHANSU VALUES ('NV0153', 'Tang Uyen Nhi', 'famale', to_date('12-10-1997', 'DD/MM/YYYY'), 10000, '0984-381-6343', 'Giang vien', 'KHMT');
INSERT INTO NHANSU VALUES ('NV0152', 'Nguyen Vi Quyen', 'famale', to_date('01-03-1993', 'DD/MM/YYYY'), 10000, '0968-855-0953', 'Giang vien', 'HTTT');
INSERT INTO NHANSU VALUES ('NV0151', 'Ho Duyen My', 'famale', to_date('27-02-1984', 'DD/MM/YYYY'), 10000, '0988-081-5155', 'Giang vien', 'TGMT');
INSERT INTO NHANSU VALUES ('NV0150', 'Nguyen Thanh Thuan', 'male', to_date('19-06-1995', 'DD/MM/YYYY'), 10000, '0949-717-5270', 'Giang vien', 'TGMT');
INSERT INTO NHANSU VALUES ('NV0149', 'Le Quang Sang', 'male', to_date('02-01-1980', 'DD/MM/YYYY'), 10000, '0947-617-3091', 'Giang vien', 'CNPM');
INSERT INTO NHANSU VALUES ('NV0148', 'Nguyen Ngoc Hoa', 'male', to_date('31-07-1980', 'DD/MM/YYYY'), 10000, '0974-475-2623', 'Giang vien', 'HTTT');
INSERT INTO NHANSU VALUES ('NV0147', 'Nguyen Quynh Tram', 'famale', to_date('13-09-1995', 'DD/MM/YYYY'), 10000, '0904-530-9047', 'Giang vien', 'KHMT');
INSERT INTO NHANSU VALUES ('NV0146', 'Nguyen Khanh My', 'famale', to_date('28-07-1990', 'DD/MM/YYYY'), 10000, '0962-265-7830', 'Giang vien', 'CNTT');
INSERT INTO NHANSU VALUES ('NV0145', 'Bach My Phuong', 'famale', to_date('03-04-1984', 'DD/MM/YYYY'), 10000, '0982-754-4558', 'Giang vien', 'CNPM');
INSERT INTO NHANSU VALUES ('NV0144', 'Chung Vinh Cuong', 'male', to_date('31-05-1994', 'DD/MM/YYYY'), 10000, '0981-052-7290', 'Giang vien', 'MMTVT');
INSERT INTO NHANSU VALUES ('NV0143', 'Ho Khanh Hoan', 'male', to_date('26-10-1987', 'DD/MM/YYYY'), 10000, '0903-001-0871', 'Giang vien', 'HTTT');
INSERT INTO NHANSU VALUES ('NV0142', 'Nguyen Dang Son', 'male', to_date('15-03-1984', 'DD/MM/YYYY'), 10000, '0981-697-7049', 'Giang vien', 'TGMT');
INSERT INTO NHANSU VALUES ('NV0141', 'Kieu Uyen My', 'female', to_date('01-02-1982', 'DD/MM/YYYY'), 10000, '0985-963-2417', 'Giang vien', 'CNPM');
INSERT INTO NHANSU VALUES ('NV0140', 'Kieu Tuyet Nhi', 'famale', to_date('09-09-1997', 'DD/MM/YYYY'), 10000, '0903-872-5375', 'Giang vien', 'CNTT');
INSERT INTO NHANSU VALUES ('NV0139', 'Vu Tung Anh', 'male', to_date('16-09-1994', 'DD/MM/YYYY'), 10000, '0971-420-8779', 'Giang vien', 'CNTT');
INSERT INTO NHANSU VALUES ('NV0138', 'La Chi Khiem', 'male', to_date('28-12-1993', 'DD/MM/YYYY'), 10000, '0958-849-0028', 'Giang vien', 'KHMT');
INSERT INTO NHANSU VALUES ('NV0137', 'Vo Quynh Lien', 'female', to_date('20-11-1997', 'DD/MM/YYYY'), 10000, '0919-920-3517', 'Giang vien', 'HTTT');
INSERT INTO NHANSU VALUES ('NV0136', 'Nguyen Quoc Bao', 'male', to_date('29-06-1982', 'DD/MM/YYYY'), 10000, '0951-680-6518', 'Giang vien', 'CNPM');
INSERT INTO NHANSU VALUES ('NV0135', 'Ly Tuan Tai', 'male', to_date('17-03-1992', 'DD/MM/YYYY'), 10000, '0906-460-8396', 'Giang vien', 'CNTT');
INSERT INTO NHANSU VALUES ('NV0134', 'Huynh Thu Yen', 'female', to_date('16-01-1994', 'DD/MM/YYYY'), 10000, '0913-672-9058', 'Giang vien', 'HTTT');
INSERT INTO NHANSU VALUES ('NV0133', 'Nguyen Anh Huong', 'female', to_date('25-12-1981', 'DD/MM/YYYY'), 10000, '0968-826-8752', 'Giang vien', 'HTTT');
INSERT INTO NHANSU VALUES ('NV0132', 'Nguyen Kieu Nuong', 'female', to_date('07-07-1993', 'DD/MM/YYYY'), 10000, '0961-765-3543', 'Giang vien', 'CNPM');
INSERT INTO NHANSU VALUES ('NV0131', 'Bach Hoang Dung', 'male', to_date('16-05-1981', 'DD/MM/YYYY'), 10000, '0942-230-8203', 'Giang vien', 'MMTVT');
INSERT INTO NHANSU VALUES ('NV0130', 'Ly Minh Hao', 'male', to_date('06-11-1986', 'DD/MM/YYYY'), 10000, '0917-386-3688', 'Giang vien', 'CNTT');
INSERT INTO NHANSU VALUES ('NV0129', 'Nguyen Nguyen Hanh', 'male', to_date('16-08-1984', 'DD/MM/YYYY'), 10000, '0992-775-0490', 'Giang vien', 'KHMT');
INSERT INTO NHANSU VALUES ('NV0128', 'Lam Hung Son', 'male', to_date('29-04-1987', 'DD/MM/YYYY'), 10000, '0950-134-2076', 'Giang vien', 'HTTT');
INSERT INTO NHANSU VALUES ('NV0127', 'Bui Bich Thu', 'female', to_date('23-06-1991', 'DD/MM/YYYY'), 10000, '0927-844-5877', 'Giang vien', 'MMTVT');
INSERT INTO NHANSU VALUES ('NV0126', 'Bach Mong Khai', 'female', to_date('25-07-1992', 'DD/MM/YYYY'), 10000, '0973-812-9958', 'Giang vien', 'HTTT');
INSERT INTO NHANSU VALUES ('NV0125', 'Huynh My Van', 'female', to_date('07-11-1989', 'DD/MM/YYYY'), 10000, '0963-943-8227', 'Giang vien', 'CNPM');
INSERT INTO NHANSU VALUES ('NV0124', 'Le Huu Thang', 'male', to_date('04-08-1982', 'DD/MM/YYYY'), 10000, '0980-337-7381', 'Giang vien', 'CNTT');
INSERT INTO NHANSU VALUES ('NV0123', 'Bui Quoc Anh', 'male', to_date('24-08-1981', 'DD/MM/YYYY'), 10000, '0957-722-6785', 'Giang vien', 'HTTT');
INSERT INTO NHANSU VALUES ('NV0122', 'Ha Nhat Quan', 'male', to_date('08-09-1995', 'DD/MM/YYYY'), 10000, '0975-765-4100', 'Giang vien', 'KHMT');
INSERT INTO NHANSU VALUES ('NV0121', 'Tang Hai Bang', 'male', to_date('26-07-1992', 'DD/MM/YYYY'), 10000, '0971-709-8602', 'Giang vien', 'MMTVT');
INSERT INTO NHANSU VALUES ('NV0120', 'Nguyen Linh Duyen', 'female', to_date('07-01-1986', 'DD/MM/YYYY'), 10000, '0910-235-4719', 'Giang vien', 'CNPM');
INSERT INTO NHANSU VALUES ('NV0119', 'Kieu Diem Trinh', 'female', to_date('27-10-1995', 'DD/MM/YYYY'), 10000, '0910-087-2478', 'Giang vien', 'TGMT');
INSERT INTO NHANSU VALUES ('NV0118', 'Le Cam Van', 'female', to_date('14-11-1997', 'DD/MM/YYYY'), 10000, '0945-058-2759', 'Giang vien', 'HTTT');
INSERT INTO NHANSU VALUES ('NV0117', 'Giang Ho Nam', 'male', to_date('15-09-1992', 'DD/MM/YYYY'), 10000, '0977-108-8784', 'Giang vien', 'KHMT');
INSERT INTO NHANSU VALUES ('NV0116', 'Ho Hoang Dung', 'male', to_date('30-06-1982', 'DD/MM/YYYY'), 10000, '0978-112-3292', 'Giang vien', 'MMTVT');
INSERT INTO NHANSU VALUES ('NV0115', 'Nguyen Huu Vuong', 'male', to_date('04-06-1991', 'DD/MM/YYYY'), 10000, '0983-840-7208', 'Giang vien', 'MMTVT');
INSERT INTO NHANSU VALUES ('NV0114', 'Trinh Huu Thang', 'female', to_date('04-03-1980', 'DD/MM/YYYY'), 10000, '0959-038-9124', 'Giang vien', 'MMTVT');
INSERT INTO NHANSU VALUES ('NV0113', 'Thi Phuong Lan', 'female', to_date('30-06-1993', 'DD/MM/YYYY'), 10000, '0989-512-9103', 'Giang vien', 'MMTVT');
INSERT INTO NHANSU VALUES ('NV0112', 'Tran Hiep Vo', 'male', to_date('20-01-1995', 'DD/MM/YYYY'), 10000, '0948-711-9041', 'Giang vien', 'TGMT');
INSERT INTO NHANSU VALUES ('NV0111', 'Nguyen Phuc Nguyen', 'male', to_date('27-06-1987', 'DD/MM/YYYY'), 10000, '0928-246-9135', 'Giang vien', 'CNTT');
INSERT INTO NHANSU VALUES ('NV0110', 'Tran Huu Chien', 'male', to_date('22-10-1983', 'DD/MM/YYYY'), 9000, '0956-269-6710', 'Giao vu', 'VPKHOA');
INSERT INTO NHANSU VALUES ('NV0109', 'Lieu Viet Quyet', 'male', to_date('05-01-1985', 'DD/MM/YYYY'), 9000, '0939-742-3788', 'Giao vu', 'VPKHOA');
INSERT INTO NHANSU VALUES ('NV0108', 'Vu Huu Tin', 'male', to_date('08-08-1986', 'DD/MM/YYYY'), 9000, '0975-903-4310', 'Giao vu', 'VPKHOA');
INSERT INTO NHANSU VALUES ('NV0107', 'Dang Tu Uyen', 'female', to_date('12-08-1980', 'DD/MM/YYYY'), 9000, '0911-008-8395', 'Giao vu', 'VPKHOA');
INSERT INTO NHANSU VALUES ('NV0106', 'Chau Thanh Thuy', 'female', to_date('22-09-1993', 'DD/MM/YYYY'), 9000, '0935-414-2900', 'Giao vu', 'VPKHOA');
INSERT INTO NHANSU VALUES ('NV0105', 'Hoang Kieu Minh', 'female', to_date('21-03-1991', 'DD/MM/YYYY'), 9000, '0972-716-3423', 'Giao vu', 'VPKHOA');
INSERT INTO NHANSU VALUES ('NV0104', 'Nguyen Xuan Thao', 'female', to_date('09-03-1986', 'DD/MM/YYYY'), 9000, '0902-017-1624', 'Giao vu', 'VPKHOA');
INSERT INTO NHANSU VALUES ('NV0103', 'Kim Thuy Linh', 'female', to_date('12-07-1985', 'DD/MM/YYYY'), 9000, '0927-301-6391', 'Giao vu', 'VPKHOA');
INSERT INTO NHANSU VALUES ('NV0102', 'Ma Thu Nhi', 'female', to_date('14-01-1985', 'DD/MM/YYYY'), 9000, '0922-000-3480', 'Giao vu', 'VPKHOA');
INSERT INTO NHANSU VALUES ('NV0101', 'Dinh Minh Thuy', 'female', to_date('22-03-1992', 'DD/MM/YYYY'), 9000, '0926-002-9723', 'Giao vu', 'VPKHOA');
INSERT INTO NHANSU VALUES ('NV0016', 'Le Cong Tuan', 'male', to_date('04-09-1987', 'DD/MM/YYYY'), 13000, '0900-801-2603', 'Truong don vi', 'HTTT');
INSERT INTO NHANSU VALUES ('NV0015', 'Le Tuan Dung', 'male', to_date('11-09-1995', 'DD/MM/YYYY'), 13000, '0953-061-3126', 'Truong don vi', 'CNPM');
INSERT INTO NHANSU VALUES ('NV0014', 'Phi Thao Nhi', 'female', to_date('20-03-1995', 'DD/MM/YYYY'), 13000, '0924-664-2640', 'Truong don vi', 'KHMT');
INSERT INTO NHANSU VALUES ('NV0013', 'Tang Mong Quynh', 'female', to_date('23-03-1987', 'DD/MM/YYYY'), 13000, '0929-785-9408', 'Truong don vi', 'CNTT');
INSERT INTO NHANSU VALUES ('NV0012', 'Quang Minh Thien', 'male', to_date('05-06-1996', 'DD/MM/YYYY'), 13000, '0954-571-9001', 'Truong don vi', 'TGMT');
INSERT INTO NHANSU VALUES ('NV0011', 'Le Tuan Hoang', 'male', to_date('10-02-1992', 'DD/MM/YYYY'), 13000, '0966-292-5264', 'Truong don vi', 'MMTVT');
INSERT INTO NHANSU VALUES ('NV0001', 'Duong Hoang Ngan', 'male', to_date('22-03-1984', 'DD/MM/YYYY'), 15000, '0951-767-9189', 'Truong khoa', 'VPKHOA');
commit;

--insert data vào b?ng PHANCONG
INSERT INTO PHANCONG VALUES ('NV0190', 'HP0001', 1, 2023, 'VP');
INSERT INTO PHANCONG VALUES ('NV0189', 'HP0002', 2, 2023, 'CLC');
INSERT INTO PHANCONG VALUES ('NV0188', 'HP0003', 3, 2023, 'CTTT');
INSERT INTO PHANCONG VALUES ('NV0187', 'HP0004', 3, 2021, 'CQ');
INSERT INTO PHANCONG VALUES ('NV0186', 'HP0005', 1, 2021, 'VP');
INSERT INTO PHANCONG VALUES ('NV0185', 'HP0006', 2, 2021, 'CLC');
INSERT INTO PHANCONG VALUES ('NV0175', 'HP0007', 3, 2022, 'CQ');
INSERT INTO PHANCONG VALUES ('NV0173', 'HP0008', 1, 2022, 'CLC');
INSERT INTO PHANCONG VALUES ('NV0172', 'HP0009', 2, 2022, 'CTTT');
INSERT INTO PHANCONG VALUES ('NV0171', 'HP0010', 3, 2022, 'VP');
INSERT INTO PHANCONG VALUES ('NV0170', 'HP0011', 1, 2023, 'CQ');
INSERT INTO PHANCONG VALUES ('NV0166', 'HP0012', 3, 2021, 'CLC');
INSERT INTO PHANCONG VALUES ('NV0165', 'HP0013', 3, 2021, 'CLC');
INSERT INTO PHANCONG VALUES ('NV0164', 'HP0014', 2, 2021, 'CLC');
INSERT INTO PHANCONG VALUES ('NV0163', 'HP0015', 2, 2021, 'CQ');
INSERT INTO PHANCONG VALUES ('NV0162', 'HP0016', 3, 2023, 'CTTT');
INSERT INTO PHANCONG VALUES ('NV0157', 'HP0017', 2, 2023, 'CTTT');
INSERT INTO PHANCONG VALUES ('NV0156', 'HP0018', 1, 2023, 'VP');
INSERT INTO PHANCONG VALUES ('NV0155', 'HP0019', 1, 2023, 'VP');
INSERT INTO PHANCONG VALUES ('NV0154', 'HP0020', 2, 2023, 'CLC');
INSERT INTO PHANCONG VALUES ('NV0153', 'HP0021', 3, 2022, 'CLC');
INSERT INTO PHANCONG VALUES ('NV0152', 'HP0022', 2, 2022, 'VP');
INSERT INTO PHANCONG VALUES ('NV0151', 'HP0001', 1, 2022, 'VP');
INSERT INTO PHANCONG VALUES ('NV0150', 'HP0002', 2, 2022, 'CLC');
INSERT INTO PHANCONG VALUES ('NV0149', 'HP0003', 3, 2022, 'CTTT');
INSERT INTO PHANCONG VALUES ('NV0148', 'HP0004', 3, 2021, 'CQ');
INSERT INTO PHANCONG VALUES ('NV0147', 'HP0005', 1, 2021, 'VP');
INSERT INTO PHANCONG VALUES ('NV0146', 'HP0006', 2, 2021, 'CLC');
INSERT INTO PHANCONG VALUES ('NV0145', 'HP0007', 3, 2021, 'CQ');
INSERT INTO PHANCONG VALUES ('NV0144', 'HP0008', 1, 2022, 'CLC');
INSERT INTO PHANCONG VALUES ('NV0143', 'HP0009', 2, 2022, 'CTTT');
INSERT INTO PHANCONG VALUES ('NV0142', 'HP0010', 3, 2022, 'VP');
INSERT INTO PHANCONG VALUES ('NV0141', 'HP0011', 1, 2023, 'CQ');
INSERT INTO PHANCONG VALUES ('NV0140', 'HP0012', 3, 2021, 'CLC');
INSERT INTO PHANCONG VALUES ('NV0139', 'HP0013', 3, 2021, 'CLC');
INSERT INTO PHANCONG VALUES ('NV0138', 'HP0014', 2, 2021, 'CLC');
INSERT INTO PHANCONG VALUES ('NV0137', 'HP0015', 2, 2021, 'CQ');
INSERT INTO PHANCONG VALUES ('NV0136', 'HP0016', 3, 2023, 'CTTT');
INSERT INTO PHANCONG VALUES ('NV0135', 'HP0017', 2, 2023, 'CTTT');
INSERT INTO PHANCONG VALUES ('NV0134', 'HP0018', 1, 2023, 'VP');
INSERT INTO PHANCONG VALUES ('NV0133', 'HP0019', 1, 2023, 'VP');
INSERT INTO PHANCONG VALUES ('NV0132', 'HP0020', 2, 2023, 'CLC');
INSERT INTO PHANCONG VALUES ('NV0131', 'HP0021', 3, 2022, 'CLC');
INSERT INTO PHANCONG VALUES ('NV0130', 'HP0022', 2, 2022, 'VP');
INSERT INTO PHANCONG VALUES('NV0101','HP0030', 2,2023,'CLC');
INSERT INTO PHANCONG VALUES('NV0102','HP0031', 3,2023,'CTTT');
INSERT INTO PHANCONG VALUES('NV0103','HP0032', 1,2023,'VP');
INSERT INTO PHANCONG VALUES('NV0104','HP0033', 1,2024,'CQ');
INSERT INTO PHANCONG VALUES('NV0110','HP0033', 3,2022,'CQ');
commit;


-- Thêm khóa ngo?i cho b?ng SINHVIEN
--ALTER TABLE SINHVIEN ADD CONSTRAINT fk_SINHVIEN_MACT
--    FOREIGN KEY (MACT)
--    REFERENCES CHUONGTRINH(MACT);


-- Thêm khóa ngo?i cho b?ng HOCPHAN
ALTER TABLE HOCPHAN ADD CONSTRAINT fk_HOCPHAN_DONVI
    FOREIGN KEY (MADV)
    REFERENCES DONVI(MADV);
commit;

-- Thêm khóa ngo?i cho b?ng KHMO
ALTER TABLE KHMO ADD CONSTRAINT fk_KHMO_HP
    FOREIGN KEY (MAHP)
    REFERENCES HOCPHAN(MAHP);
commit;

-- Thêm khóa ngo?i cho b?ng PHANCONG
ALTER TABLE PHANCONG ADD CONSTRAINT fk_PHANCONG_GV
    FOREIGN KEY (MAGV)
    REFERENCES NHANSU(MANV);

ALTER TABLE PHANCONG ADD CONSTRAINT fk_PHANCONG_HP
    FOREIGN KEY (MAHP)
    REFERENCES HOCPHAN(MAHP);
commit; 

-- Thêm khóa ngo?i cho b?ng DANGKY
ALTER TABLE DANGKY ADD CONSTRAINT fk_DANGKY_SV
    FOREIGN KEY (MASV)
    REFERENCES SINHVIEN(MASV);

ALTER TABLE DANGKY ADD CONSTRAINT fk_DANGKY_GV
    FOREIGN KEY (MAGV)
    REFERENCES NHANSU(MANV);

ALTER TABLE DANGKY ADD CONSTRAINT fk_DANGKY_HP
    FOREIGN KEY (MAHP)
    REFERENCES HOCPHAN(MAHP);
    
drop table sinhvien;


commit;